,cross,isolation,mk2,a3,birch1,unbalance,twodiamonds,wingnut,dense,ring_noisy,chameleon_t4_8k,chameleon_t8_8k,ecoli,glass,ionosphere,sonar,statlog,wdbc,wine,yeast
time,0.012127876281738281,0.027048587799072266,0.008851766586303711,0.02843308448791504,0.31650352478027344,0.02663254737854004,0.01279759407043457,0.019989490509033203,0.004163980484008789,0.005619525909423828,0.04297590255737305,0.04140806198120117,0.010341405868530273,0.00557255744934082,0.0182192325592041,0.007307291030883789,0.2209947109222412,0.0243682861328125,0.0047969818115234375,0.09246826171875
ar,0.009705499941230064,0.9980062324412008,0.04832110448000394,0.03247545572669012,0.0,0.9953407098287741,0.0743905900702347,0.25891323515683173,0.0,0.6260315997365988,0.005470552489940773,0.0017268299940478523,0.0002880489663327992,0.0024982414386861542,0.0,0.0,0.26691896225187267,0.0,0.0,0.0002509801442806606
ami,0.21418377566600624,0.9960581899367508,0.26428570148159686,0.280229189111484,0.0,0.959298889381955,0.32734894958722144,0.39872825333927925,0.0,0.5983879090528073,0.03167349391574979,0.008512237236540553,0.004196439439726787,0.020885042233579836,0.0,-1.557819506107923e-14,0.5591331551142962,-1.9338583641434388e-14,2.6781460265881358e-14,0.010093281927117075
iterations,,,,,,,,,,,,,,,,,,,,
