,cross,isolation,mk2,a3,birch1,unbalance,twodiamonds,wingnut,dense,ring_noisy,chameleon_t4_8k,chameleon_t8_8k,ecoli,glass,ionosphere,sonar,statlog,wdbc,wine,yeast
time,0.008821487426757812,0.055014848709106445,0.0034470558166503906,0.039574623107910156,2.32978892326355,0.10562705993652344,0.0024101734161376953,0.0034165382385253906,0.0010213851928710938,0.004558563232421875,0.05373334884643555,0.04781484603881836,0.0027420520782470703,0.0014276504516601562,0.0055963993072509766,0.003785848617553711,0.10501956939697266,0.0072324275970458984,0.0013360977172851562,0.019161701202392578
ar,8.940303266853536e-05,1.0,0.25900654975199805,0.0,0.0,0.9991523072171837,0.59229571110409,0.5370805805112676,0.9522486455083922,1.0,0.0035500055718732716,0.003462066864494391,0.0,0.0,0.0,0.0,0.0003949608935852126,0.0,0.0,0.0
ami,0.01890414987908878,1.0,0.3910196382300776,3.2189340476566103e-15,0.0,0.9837721332250372,0.5852364461175066,0.5039267463702434,0.932693607285265,1.0,0.020946062077102052,0.01776621794985354,0.0,0.0,0.0,0.0,0.021223006264824602,0.0,0.0,0.0
iterations,,,,,,,,,,,,,,,,,,,,
