,cross,isolation,mk2,a3,birch1,unbalance,twodiamonds,wingnut,dense,ring_noisy,chameleon_t4_8k,chameleon_t8_8k,ecoli,glass,ionosphere,sonar,statlog,wdbc,wine,yeast
time,0.05798625946044922,0.006699800491333008,0.004598855972290039,0.024973630905151367,0.4036445617675781,0.006346225738525391,0.0037848949432373047,0.0032045841217041016,0.0012636184692382812,0.0025434494018554688,0.012539386749267578,0.011543512344360352,0.002958536148071289,0.0026938915252685547,0.0017743110656738281,0.0014624595642089844,0.00915980339050293,0.002698659896850586,0.0015988349914550781,0.009137868881225586
ar,0.10892439510479873,-2.4595510406595865e-05,0.006401888678843567,0.9159457419147562,0.9233487032648671,0.8771769424068617,0.12671481429485262,0.6702684825487994,0.7556930746820094,0.16393108225084874,0.4254517355708767,0.43041430816716675,0.5042601448613959,0.16548220891912924,0.17272431159329507,0.010869872549936507,0.4956457963386728,0.6594271719206948,0.8456161913329393,0.17067446588894053
ami,0.36415761173433814,-2.2134634970433308e-05,0.004626002280513045,0.9646883709581292,0.9685968838463817,0.9215367221649865,0.09364201054056244,0.5613812086094355,0.7123645529599811,0.24353696046914491,0.5607884718672893,0.6081248850068438,0.6146292457745665,0.28825809396158086,0.12800602647105608,0.012286003753152737,0.6430940488741603,0.5374046363920623,0.8447264207465074,0.2885546326116585
iterations,12,6,17,9,14,4,8,8,4,4,15,10,10,8,7,6,13,8,6,17
